t,phase,head_z,com_err_x,power_w,bus_v,soc,peak_a
0.002,stand,1.1000,-0.0289,53.0,54.49,1.00000,0.97
0.052,stand,1.0997,-0.0277,84.1,54.42,1.00000,1.91
0.102,stand,1.0995,-0.0249,60.9,54.47,1.00000,1.91
0.152,stand,1.0995,-0.0215,53.9,54.49,0.99999,1.91
0.202,stand,1.0994,-0.0179,55.4,54.48,0.99999,1.91
0.252,stand,1.0992,-0.0145,63.8,54.47,0.99999,1.91
0.302,stand,1.0991,-0.0118,65.1,54.46,0.99999,1.91
0.352,stand,1.0990,-0.0100,62.8,54.47,0.99999,1.91
0.402,stand,1.0989,-0.0090,60.2,54.47,0.99999,1.91
0.452,stand,1.0989,-0.0084,58.1,54.48,0.99999,1.91
0.502,stand,1.0989,-0.0082,56.8,54.48,0.99998,1.91
0.552,stand,1.0989,-0.0081,56.0,54.48,0.99998,1.91
0.602,stand,1.0989,-0.0081,55.7,54.48,0.99998,1.91
0.652,stand,1.0989,-0.0082,55.5,54.48,0.99998,1.91
0.702,stand,1.0989,-0.0082,55.4,54.48,0.99998,1.91
0.752,stand,1.0989,-0.0082,55.4,54.48,0.99998,1.91
0.802,stand,1.0989,-0.0083,55.4,54.48,0.99998,1.91
0.852,stand,1.0989,-0.0083,55.5,54.48,0.99998,1.91
0.902,stand,1.0989,-0.0083,55.5,54.48,0.99997,1.91
0.952,stand,1.0989,-0.0083,55.5,54.48,0.99997,1.91
1.002,stand,1.0989,-0.0083,55.5,54.48,0.99997,1.91
1.052,stand,1.0989,-0.0083,55.5,54.48,0.99997,1.91
1.102,stand,1.0989,-0.0083,55.5,54.48,0.99997,1.91
1.152,stand,1.0989,-0.0083,55.5,54.48,0.99997,1.91
1.202,stand,1.0989,-0.0083,55.5,54.48,0.99997,1.91
1.252,stand,1.0989,-0.0083,55.5,54.48,0.99996,1.91
1.302,stand,1.0989,-0.0083,55.5,54.48,0.99996,1.91
1.352,stand,1.0989,-0.0083,55.5,54.48,0.99996,1.91
1.402,stand,1.0989,-0.0083,55.5,54.48,0.99996,1.91
1.452,stand,1.0989,-0.0083,55.5,54.48,0.99996,1.91
1.502,stand,1.0989,-0.0083,55.5,54.48,0.99996,1.91
1.552,stand,1.0989,-0.0083,55.5,54.48,0.99996,1.91
1.602,stand,1.0989,-0.0083,55.5,54.48,0.99996,1.91
1.652,stand,1.0989,-0.0083,55.5,54.48,0.99995,1.91
1.702,stand,1.0989,-0.0083,55.5,54.48,0.99995,1.91
1.752,stand,1.0989,-0.0083,55.5,54.48,0.99995,1.91
1.802,stand,1.0989,-0.0083,55.5,54.48,0.99995,1.91
1.852,stand,1.0989,-0.0083,55.5,54.48,0.99995,1.91
1.902,stand,1.0989,-0.0083,55.5,54.48,0.99995,1.91
1.952,stand,1.0989,-0.0083,55.5,54.48,0.99995,1.91
2.002,stand,1.0989,-0.0083,55.5,54.48,0.99994,1.91
2.052,stand,1.0989,-0.0083,55.5,54.48,0.99994,1.91
2.102,stand,1.0989,-0.0083,55.5,54.48,0.99994,1.91
2.152,stand,1.0989,-0.0083,55.5,54.48,0.99994,1.91
2.202,stand,1.0989,-0.0083,55.5,54.48,0.99994,1.91
2.252,stand,1.0989,-0.0083,55.5,54.48,0.99994,1.91
2.302,stand,1.0989,-0.0083,55.5,54.48,0.99994,1.91
2.352,stand,1.0989,-0.0083,55.5,54.48,0.99993,1.91
2.402,stand,1.0989,-0.0083,55.5,54.48,0.99993,1.91
2.452,stand,1.0989,-0.0083,55.5,54.48,0.99993,1.91
2.502,stand,1.0989,-0.0083,55.5,54.48,0.99993,1.91
2.552,stand,1.0989,-0.0083,55.5,54.48,0.99993,1.91
2.602,stand,1.0989,-0.0083,55.5,54.48,0.99993,1.91
2.652,stand,1.0989,-0.0083,55.5,54.48,0.99993,1.91
2.702,stand,1.0989,-0.0083,55.5,54.48,0.99993,1.91
2.752,stand,1.0989,-0.0083,55.5,54.48,0.99992,1.91
2.802,stand,1.0989,-0.0083,55.5,54.48,0.99992,1.91
2.852,stand,1.0989,-0.0083,55.5,54.48,0.99992,1.91
2.902,stand,1.0989,-0.0083,55.5,54.48,0.99992,1.91
2.952,stand,1.0989,-0.0083,55.5,54.48,0.99992,1.91
3.002,stand,1.0989,-0.0083,55.5,54.48,0.99992,1.91
3.052,stand,1.0989,-0.0083,55.5,54.48,0.99992,1.91
3.102,stand,1.0989,-0.0083,55.5,54.48,0.99991,1.91
3.152,stand,1.0989,-0.0083,55.5,54.48,0.99991,1.91
3.202,stand,1.0989,-0.0083,55.5,54.48,0.99991,1.91
3.252,stand,1.0989,-0.0083,55.5,54.48,0.99991,1.91
3.302,stand,1.0989,-0.0083,55.5,54.48,0.99991,1.91
3.352,stand,1.0989,-0.0083,55.5,54.48,0.99991,1.91
3.402,stand,1.0989,-0.0083,55.5,54.48,0.99991,1.91
3.452,stand,1.0989,-0.0083,55.5,54.48,0.99991,1.91
3.502,stand,1.0989,-0.0083,55.5,54.48,0.99990,1.91
3.552,stand,1.0989,-0.0083,55.5,54.48,0.99990,1.91
3.602,stand,1.0989,-0.0083,55.5,54.48,0.99990,1.91
3.652,stand,1.0989,-0.0083,55.5,54.48,0.99990,1.91
3.702,stand,1.0989,-0.0083,55.5,54.48,0.99990,1.91
3.752,stand,1.0989,-0.0083,55.5,54.48,0.99990,1.91
3.802,stand,1.0989,-0.0083,55.5,54.48,0.99990,1.91
3.852,stand,1.0989,-0.0083,55.5,54.48,0.99989,1.91
3.902,stand,1.0989,-0.0083,55.5,54.48,0.99989,1.91
3.952,stand,1.0989,-0.0083,55.5,54.48,0.99989,1.91
4.002,squat 1,1.0989,-0.0083,55.4,54.48,0.99989,1.91
4.052,squat 1,1.0988,-0.0083,55.7,54.48,0.99989,1.91
4.102,squat 1,1.0986,-0.0083,56.3,54.48,0.99989,1.91
4.152,squat 1,1.0983,-0.0083,57.1,54.48,0.99989,1.91
4.202,squat 1,1.0978,-0.0082,57.7,54.48,0.99988,1.91
4.252,squat 1,1.0972,-0.0082,57.9,54.48,0.99988,1.91
4.302,squat 1,1.0965,-0.0083,57.9,54.48,0.99988,1.91
4.352,squat 1,1.0956,-0.0084,57.6,54.48,0.99988,1.91
4.402,squat 1,1.0947,-0.0086,57.1,54.48,0.99988,1.91
4.452,squat 1,1.0936,-0.0089,56.6,54.48,0.99988,1.91
4.502,squat 1,1.0923,-0.0093,56.1,54.48,0.99988,1.91
4.552,squat 1,1.0910,-0.0096,55.8,54.48,0.99988,1.91
4.602,squat 1,1.0895,-0.0100,55.7,54.48,0.99987,1.91
4.652,squat 1,1.0878,-0.0104,55.7,54.48,0.99987,1.91
4.702,squat 1,1.0861,-0.0109,55.8,54.48,0.99987,1.91
4.752,squat 1,1.0842,-0.0113,55.9,54.48,0.99987,1.91
4.802,squat 1,1.0822,-0.0117,56.1,54.48,0.99987,1.91
4.852,squat 1,1.0800,-0.0121,56.3,54.48,0.99987,1.91
4.902,squat 1,1.0777,-0.0125,56.5,54.48,0.99987,1.91
4.952,squat 1,1.0753,-0.0129,56.8,54.48,0.99986,1.91
5.002,squat 1,1.0728,-0.0132,57.0,54.48,0.99986,1.91
5.052,squat 1,1.0701,-0.0136,57.3,54.48,0.99986,1.91
5.102,squat 1,1.0673,-0.0140,57.7,54.48,0.99986,1.91
5.152,squat 1,1.0644,-0.0144,58.0,54.48,0.99986,1.91
5.202,squat 1,1.0613,-0.0147,58.4,54.48,0.99986,1.91
5.252,squat 1,1.0582,-0.0151,58.8,54.47,0.99986,1.91
5.302,squat 1,1.0549,-0.0154,59.3,54.47,0.99985,1.91
5.352,squat 1,1.0514,-0.0158,59.7,54.47,0.99985,1.91
5.402,squat 1,1.0479,-0.0161,60.2,54.47,0.99985,1.91
5.452,squat 1,1.0442,-0.0165,60.7,54.47,0.99985,1.91
5.502,squat 1,1.0404,-0.0168,61.2,54.47,0.99985,1.91
5.552,squat 1,1.0365,-0.0171,61.8,54.47,0.99985,1.91
5.602,squat 1,1.0324,-0.0174,62.3,54.47,0.99985,1.91
5.652,squat 1,1.0283,-0.0178,62.9,54.47,0.99984,1.91
5.702,squat 1,1.0240,-0.0181,63.5,54.46,0.99984,1.91
5.752,squat 1,1.0196,-0.0184,64.2,54.46,0.99984,1.91
5.802,squat 1,1.0151,-0.0187,64.8,54.46,0.99984,1.91
5.852,squat 1,1.0105,-0.0190,65.5,54.46,0.99984,1.91
5.902,squat 1,1.0057,-0.0192,66.2,54.46,0.99984,1.91
5.952,squat 1,1.0009,-0.0195,66.9,54.46,0.99983,1.91
6.002,squat 1,0.9959,-0.0198,67.6,54.46,0.99983,1.91
6.052,squat 1,0.9909,-0.0200,68.3,54.45,0.99983,1.91
6.102,squat 1,0.9857,-0.0203,69.1,54.45,0.99983,1.91
6.152,squat 1,0.9804,-0.0205,69.8,54.45,0.99983,1.91
6.202,squat 1,0.9750,-0.0208,70.6,54.45,0.99983,1.91
6.252,squat 1,0.9695,-0.0210,71.4,54.45,0.99982,1.91
6.302,squat 1,0.9639,-0.0212,72.2,54.45,0.99982,1.91
6.352,squat 1,0.9582,-0.0214,73.0,54.44,0.99982,1.91
6.402,squat 1,0.9524,-0.0216,73.8,54.44,0.99982,1.91
6.452,squat 1,0.9465,-0.0217,74.7,54.44,0.99982,1.91
6.502,squat 1,0.9404,-0.0219,76.7,54.44,0.99982,1.91
6.552,squat 1,0.9359,-0.0220,83.4,54.42,0.99981,1.91
6.602,squat 1,0.9344,-0.0221,80.1,54.43,0.99981,1.91
6.652,squat 1,0.9341,-0.0222,78.8,54.43,0.99981,1.91
6.702,squat 1,0.9341,-0.0223,78.5,54.43,0.99981,1.91
6.752,squat 1,0.9341,-0.0224,78.5,54.43,0.99981,1.91
6.802,squat 1,0.9342,-0.0225,78.6,54.43,0.99980,1.91
6.852,squat 1,0.9342,-0.0225,78.5,54.43,0.99980,1.91
6.902,squat 1,0.9342,-0.0225,78.5,54.43,0.99980,1.91
6.952,squat 1,0.9342,-0.0226,78.5,54.43,0.99980,1.91
7.002,squat 1,0.9342,-0.0226,78.5,54.43,0.99980,1.91
7.052,squat 1,0.9342,-0.0226,78.5,54.43,0.99979,1.91
7.102,squat 1,0.9342,-0.0226,78.5,54.43,0.99979,1.91
7.152,squat 1,0.9342,-0.0226,78.5,54.43,0.99979,1.91
7.202,squat 1,0.9342,-0.0226,78.5,54.43,0.99979,1.91
7.252,squat 1,0.9342,-0.0226,78.5,54.43,0.99979,1.91
7.302,squat 1,0.9342,-0.0226,78.5,54.43,0.99978,1.91
7.352,squat 1,0.9342,-0.0226,78.5,54.43,0.99978,1.91
7.402,squat 1,0.9342,-0.0226,78.5,54.43,0.99978,1.91
7.452,squat 1,0.9342,-0.0226,78.5,54.43,0.99978,1.91
7.502,squat 1,0.9342,-0.0226,78.5,54.43,0.99978,1.91
7.552,squat 1,0.9342,-0.0226,78.5,54.43,0.99978,1.91
7.602,squat 1,0.9342,-0.0226,78.5,54.43,0.99977,1.91
7.652,squat 1,0.9342,-0.0226,78.5,54.43,0.99977,1.91
7.702,squat 1,0.9342,-0.0226,78.5,54.43,0.99977,1.91
7.752,squat 1,0.9342,-0.0226,78.5,54.43,0.99977,1.91
7.802,squat 1,0.9342,-0.0226,78.5,54.43,0.99977,1.91
7.852,squat 1,0.9342,-0.0226,78.5,54.43,0.99976,1.91
7.902,squat 1,0.9342,-0.0226,78.5,54.43,0.99976,1.91
7.952,squat 1,0.9342,-0.0226,78.5,54.43,0.99976,1.91
8.002,squat 1,0.9342,-0.0226,78.5,54.43,0.99976,1.91
8.052,squat 1,0.9342,-0.0226,78.5,54.43,0.99976,1.91
8.102,squat 1,0.9342,-0.0226,78.5,54.43,0.99975,1.91
8.152,squat 1,0.9342,-0.0226,78.5,54.43,0.99975,1.91
8.202,squat 1,0.9342,-0.0226,78.5,54.43,0.99975,1.91
8.252,squat 1,0.9342,-0.0226,78.5,54.43,0.99975,1.91
8.302,squat 1,0.9342,-0.0226,78.5,54.43,0.99975,1.91
8.352,squat 1,0.9342,-0.0226,78.5,54.43,0.99974,1.91
8.402,squat 1,0.9342,-0.0226,78.5,54.43,0.99974,1.91
8.452,squat 1,0.9342,-0.0226,78.5,54.43,0.99974,1.91
8.502,stand,0.9342,-0.0226,79.7,54.43,0.99974,1.91
8.552,stand,0.9357,-0.0225,100.0,54.39,0.99974,1.91
8.602,stand,0.9404,-0.0225,102.6,54.38,0.99973,1.91
8.652,stand,0.9461,-0.0224,101.4,54.38,0.99973,1.91
8.702,stand,0.9521,-0.0224,100.1,54.39,0.99973,1.91
8.752,stand,0.9579,-0.0223,98.9,54.39,0.99973,1.91
8.802,stand,0.9637,-0.0222,97.7,54.39,0.99972,1.91
8.852,stand,0.9693,-0.0221,96.5,54.39,0.99972,1.91
8.902,stand,0.9749,-0.0220,95.2,54.40,0.99972,1.91
8.952,stand,0.9803,-0.0219,94.0,54.40,0.99972,1.91
9.002,stand,0.9856,-0.0217,92.7,54.40,0.99972,1.91
9.052,stand,0.9908,-0.0215,91.5,54.40,0.99971,1.91
9.102,stand,0.9959,-0.0213,90.3,54.41,0.99971,1.91
9.152,stand,1.0008,-0.0211,89.0,54.41,0.99971,1.91
9.202,stand,1.0057,-0.0208,87.8,54.41,0.99971,1.91
9.252,stand,1.0104,-0.0206,86.6,54.41,0.99970,1.91
9.302,stand,1.0151,-0.0204,85.4,54.42,0.99970,1.91
9.352,stand,1.0196,-0.0201,84.2,54.42,0.99970,1.91
9.402,stand,1.0240,-0.0198,83.1,54.42,0.99970,1.91
9.452,stand,1.0283,-0.0196,81.9,54.42,0.99970,1.91
9.502,stand,1.0324,-0.0193,80.8,54.43,0.99969,1.91
9.552,stand,1.0365,-0.0190,79.7,54.43,0.99969,1.91
9.602,stand,1.0404,-0.0187,78.6,54.43,0.99969,1.91
9.652,stand,1.0442,-0.0184,77.5,54.43,0.99969,1.91
9.702,stand,1.0479,-0.0181,76.4,54.43,0.99969,1.91
9.752,stand,1.0515,-0.0178,75.4,54.44,0.99968,1.91
9.802,stand,1.0549,-0.0175,74.4,54.44,0.99968,1.91
9.852,stand,1.0582,-0.0171,73.4,54.44,0.99968,1.91
9.902,stand,1.0614,-0.0168,72.4,54.44,0.99968,1.91
9.952,stand,1.0645,-0.0165,71.4,54.44,0.99968,1.91
10.002,stand,1.0674,-0.0161,70.5,54.45,0.99968,1.91
10.052,stand,1.0702,-0.0158,69.6,54.45,0.99967,1.91
10.102,stand,1.0729,-0.0154,68.7,54.45,0.99967,1.91
10.152,stand,1.0754,-0.0151,67.8,54.45,0.99967,1.91
10.202,stand,1.0778,-0.0147,67.0,54.45,0.99967,1.91
10.252,stand,1.0801,-0.0144,66.2,54.46,0.99967,1.91
10.302,stand,1.0823,-0.0140,65.4,54.46,0.99967,1.91
10.352,stand,1.0843,-0.0136,64.6,54.46,0.99966,1.91
10.402,stand,1.0862,-0.0133,63.9,54.46,0.99966,1.91
10.452,stand,1.0880,-0.0129,63.2,54.46,0.99966,1.91
10.502,stand,1.0896,-0.0125,62.5,54.46,0.99966,1.91
10.552,stand,1.0911,-0.0121,61.8,54.46,0.99966,1.91
10.602,stand,1.0925,-0.0117,61.2,54.47,0.99966,1.91
10.652,stand,1.0937,-0.0114,60.6,54.47,0.99966,1.91
10.702,stand,1.0948,-0.0110,60.0,54.47,0.99965,1.91
10.752,stand,1.0958,-0.0106,59.5,54.47,0.99965,1.91
10.802,stand,1.0966,-0.0102,59.2,54.47,0.99965,1.91
10.852,stand,1.0973,-0.0098,58.9,54.47,0.99965,1.91
10.902,stand,1.0979,-0.0094,58.8,54.47,0.99965,1.91
10.952,stand,1.0983,-0.0090,58.6,54.47,0.99965,1.91
11.002,stand,1.0986,-0.0086,57.9,54.47,0.99965,1.91
11.052,stand,1.0988,-0.0083,56.2,54.48,0.99964,1.91
11.102,stand,1.0988,-0.0081,57.0,54.47,0.99964,1.91
11.152,stand,1.0988,-0.0080,56.0,54.48,0.99964,1.91
11.202,stand,1.0989,-0.0081,55.5,54.48,0.99964,1.91
11.252,stand,1.0989,-0.0082,55.3,54.48,0.99964,1.91
11.302,stand,1.0989,-0.0082,55.3,54.48,0.99964,1.91
11.352,stand,1.0989,-0.0083,55.4,54.48,0.99964,1.91
11.402,stand,1.0989,-0.0083,55.4,54.48,0.99963,1.91
11.452,stand,1.0989,-0.0083,55.5,54.48,0.99963,1.91
11.502,stand,1.0989,-0.0083,55.5,54.48,0.99963,1.91
11.552,stand,1.0989,-0.0083,55.5,54.48,0.99963,1.91
11.602,stand,1.0989,-0.0083,55.5,54.48,0.99963,1.91
11.652,stand,1.0989,-0.0083,55.5,54.48,0.99963,1.91
11.702,stand,1.0989,-0.0083,55.5,54.48,0.99963,1.91
11.752,stand,1.0989,-0.0083,55.5,54.48,0.99963,1.91
11.802,stand,1.0989,-0.0083,55.5,54.48,0.99962,1.91
11.852,stand,1.0989,-0.0083,55.5,54.48,0.99962,1.91
11.902,stand,1.0989,-0.0083,55.5,54.48,0.99962,1.91
11.952,stand,1.0989,-0.0083,55.5,54.48,0.99962,1.91
12.002,squat 2,1.0989,-0.0083,55.4,54.48,0.99962,1.91
12.052,squat 2,1.0988,-0.0083,55.7,54.48,0.99962,1.91
12.102,squat 2,1.0986,-0.0083,56.3,54.47,0.99962,1.91
12.152,squat 2,1.0983,-0.0083,57.1,54.47,0.99961,1.91
12.202,squat 2,1.0978,-0.0082,57.7,54.47,0.99961,1.91
12.252,squat 2,1.0972,-0.0082,57.9,54.47,0.99961,1.91
12.302,squat 2,1.0965,-0.0083,57.9,54.47,0.99961,1.91
12.352,squat 2,1.0956,-0.0084,57.6,54.47,0.99961,1.91
12.402,squat 2,1.0947,-0.0086,57.1,54.47,0.99961,1.91
12.452,squat 2,1.0936,-0.0089,56.6,54.47,0.99961,1.91
12.502,squat 2,1.0923,-0.0093,56.1,54.48,0.99960,1.91
12.552,squat 2,1.0910,-0.0096,55.8,54.48,0.99960,1.91
12.602,squat 2,1.0895,-0.0100,55.7,54.48,0.99960,1.91
12.652,squat 2,1.0878,-0.0104,55.7,54.48,0.99960,1.91
12.702,squat 2,1.0861,-0.0109,55.8,54.48,0.99960,1.91
12.752,squat 2,1.0842,-0.0113,55.9,54.48,0.99960,1.91
12.802,squat 2,1.0822,-0.0117,56.1,54.48,0.99960,1.91
12.852,squat 2,1.0800,-0.0121,56.3,54.47,0.99960,1.91
12.902,squat 2,1.0777,-0.0125,56.5,54.47,0.99959,1.91
12.952,squat 2,1.0753,-0.0129,56.8,54.47,0.99959,1.91
13.002,squat 2,1.0728,-0.0132,57.0,54.47,0.99959,1.91
13.052,squat 2,1.0701,-0.0136,57.3,54.47,0.99959,1.91
13.102,squat 2,1.0673,-0.0140,57.7,54.47,0.99959,1.91
13.152,squat 2,1.0644,-0.0144,58.0,54.47,0.99959,1.91
13.202,squat 2,1.0613,-0.0147,58.4,54.47,0.99959,1.91
13.252,squat 2,1.0582,-0.0151,58.8,54.47,0.99958,1.91
13.302,squat 2,1.0549,-0.0154,59.3,54.47,0.99958,1.91
13.352,squat 2,1.0514,-0.0158,59.7,54.47,0.99958,1.91
13.402,squat 2,1.0479,-0.0161,60.2,54.47,0.99958,1.91
13.452,squat 2,1.0442,-0.0165,60.7,54.47,0.99958,1.91
13.502,squat 2,1.0404,-0.0168,61.2,54.46,0.99958,1.91
13.552,squat 2,1.0365,-0.0171,61.8,54.46,0.99958,1.91
13.602,squat 2,1.0324,-0.0174,62.3,54.46,0.99957,1.91
13.652,squat 2,1.0283,-0.0178,62.9,54.46,0.99957,1.91
13.702,squat 2,1.0240,-0.0181,63.5,54.46,0.99957,1.91
13.752,squat 2,1.0196,-0.0184,64.2,54.46,0.99957,1.91
13.802,squat 2,1.0151,-0.0187,64.8,54.46,0.99957,1.91
13.852,squat 2,1.0105,-0.0190,65.5,54.45,0.99957,1.91
13.902,squat 2,1.0057,-0.0192,66.2,54.45,0.99956,1.91
13.952,squat 2,1.0009,-0.0195,66.9,54.45,0.99956,1.91
14.002,squat 2,0.9959,-0.0198,67.6,54.45,0.99956,1.91
14.052,squat 2,0.9909,-0.0200,68.3,54.45,0.99956,1.91
14.102,squat 2,0.9857,-0.0203,69.1,54.45,0.99956,1.91
14.152,squat 2,0.9804,-0.0205,69.8,54.45,0.99956,1.91
14.202,squat 2,0.9750,-0.0208,70.6,54.44,0.99955,1.91
14.252,squat 2,0.9695,-0.0210,71.4,54.44,0.99955,1.91
14.302,squat 2,0.9639,-0.0212,72.2,54.44,0.99955,1.91
14.352,squat 2,0.9582,-0.0214,73.0,54.44,0.99955,1.91
14.402,squat 2,0.9524,-0.0216,73.8,54.44,0.99955,1.91
14.452,squat 2,0.9465,-0.0217,74.7,54.44,0.99955,1.91
14.502,squat 2,0.9404,-0.0219,76.7,54.43,0.99954,1.91
14.552,squat 2,0.9359,-0.0220,83.4,54.42,0.99954,1.91
14.602,squat 2,0.9344,-0.0221,80.1,54.42,0.99954,1.91
14.652,squat 2,0.9341,-0.0222,78.8,54.43,0.99954,1.91
14.702,squat 2,0.9341,-0.0223,78.5,54.43,0.99954,1.91
14.752,squat 2,0.9341,-0.0224,78.5,54.43,0.99953,1.91
14.802,squat 2,0.9342,-0.0225,78.6,54.43,0.99953,1.91
14.852,squat 2,0.9342,-0.0225,78.5,54.43,0.99953,1.91
14.902,squat 2,0.9342,-0.0225,78.5,54.43,0.99953,1.91
14.952,squat 2,0.9342,-0.0226,78.5,54.43,0.99953,1.91
15.002,squat 2,0.9342,-0.0226,78.5,54.43,0.99952,1.91
15.052,squat 2,0.9342,-0.0226,78.5,54.43,0.99952,1.91
15.102,squat 2,0.9342,-0.0226,78.5,54.43,0.99952,1.91
15.152,squat 2,0.9342,-0.0226,78.5,54.43,0.99952,1.91
15.202,squat 2,0.9342,-0.0226,78.5,54.43,0.99952,1.91
15.252,squat 2,0.9342,-0.0226,78.5,54.43,0.99951,1.91
15.302,squat 2,0.9342,-0.0226,78.5,54.43,0.99951,1.91
15.352,squat 2,0.9342,-0.0226,78.5,54.43,0.99951,1.91
15.402,squat 2,0.9342,-0.0226,78.5,54.43,0.99951,1.91
15.452,squat 2,0.9342,-0.0226,78.5,54.43,0.99951,1.91
15.502,squat 2,0.9342,-0.0226,78.5,54.43,0.99951,1.91
15.552,squat 2,0.9342,-0.0226,78.5,54.43,0.99950,1.91
15.602,squat 2,0.9342,-0.0226,78.5,54.43,0.99950,1.91
15.652,squat 2,0.9342,-0.0226,78.5,54.43,0.99950,1.91
15.702,squat 2,0.9342,-0.0226,78.5,54.43,0.99950,1.91
15.752,squat 2,0.9342,-0.0226,78.5,54.43,0.99950,1.91
15.802,squat 2,0.9342,-0.0226,78.5,54.43,0.99949,1.91
15.852,squat 2,0.9342,-0.0226,78.5,54.43,0.99949,1.91
15.902,squat 2,0.9342,-0.0226,78.5,54.43,0.99949,1.91
15.952,squat 2,0.9342,-0.0226,78.5,54.43,0.99949,1.91
16.002,squat 2,0.9342,-0.0226,78.5,54.43,0.99949,1.91
16.052,squat 2,0.9342,-0.0226,78.5,54.43,0.99948,1.91
16.102,squat 2,0.9342,-0.0226,78.5,54.43,0.99948,1.91
16.152,squat 2,0.9342,-0.0226,78.5,54.43,0.99948,1.91
16.202,squat 2,0.9342,-0.0226,78.5,54.43,0.99948,1.91
16.252,squat 2,0.9342,-0.0226,78.5,54.43,0.99948,1.91
16.302,squat 2,0.9342,-0.0226,78.5,54.43,0.99947,1.91
16.352,squat 2,0.9342,-0.0226,78.5,54.43,0.99947,1.91
16.402,squat 2,0.9342,-0.0226,78.5,54.43,0.99947,1.91
16.452,squat 2,0.9342,-0.0226,78.5,54.43,0.99947,1.91
16.502,stand,0.9342,-0.0226,79.7,54.42,0.99947,1.91
16.552,stand,0.9357,-0.0225,100.0,54.38,0.99946,1.91
16.602,stand,0.9404,-0.0225,102.6,54.37,0.99946,1.91
16.652,stand,0.9461,-0.0224,101.4,54.38,0.99946,1.91
16.702,stand,0.9521,-0.0224,100.1,54.38,0.99946,1.91
16.752,stand,0.9579,-0.0223,98.9,54.38,0.99946,1.91
16.802,stand,0.9637,-0.0222,97.7,54.39,0.99945,1.91
16.852,stand,0.9693,-0.0221,96.5,54.39,0.99945,1.91
16.902,stand,0.9749,-0.0220,95.2,54.39,0.99945,1.91
16.952,stand,0.9803,-0.0219,94.0,54.39,0.99945,1.91
17.002,stand,0.9856,-0.0217,92.7,54.40,0.99944,1.91
17.052,stand,0.9908,-0.0215,91.5,54.40,0.99944,1.91
17.102,stand,0.9959,-0.0213,90.3,54.40,0.99944,1.91
17.152,stand,1.0008,-0.0211,89.0,54.40,0.99944,1.91
17.202,stand,1.0057,-0.0208,87.8,54.41,0.99943,1.91
17.252,stand,1.0104,-0.0206,86.6,54.41,0.99943,1.91
17.302,stand,1.0151,-0.0204,85.4,54.41,0.99943,1.91
17.352,stand,1.0196,-0.0201,84.2,54.41,0.99943,1.91
17.402,stand,1.0240,-0.0198,83.1,54.42,0.99943,1.91
17.452,stand,1.0283,-0.0196,81.9,54.42,0.99942,1.91
17.502,stand,1.0324,-0.0193,80.8,54.42,0.99942,1.91
17.552,stand,1.0365,-0.0190,79.7,54.42,0.99942,1.91
17.602,stand,1.0404,-0.0187,78.6,54.42,0.99942,1.91
17.652,stand,1.0442,-0.0184,77.5,54.43,0.99942,1.91
17.702,stand,1.0479,-0.0181,76.4,54.43,0.99941,1.91
17.752,stand,1.0515,-0.0178,75.4,54.43,0.99941,1.91
17.802,stand,1.0549,-0.0175,74.4,54.43,0.99941,1.91
17.852,stand,1.0582,-0.0171,73.4,54.44,0.99941,1.91
17.902,stand,1.0614,-0.0168,72.4,54.44,0.99941,1.91
17.952,stand,1.0645,-0.0165,71.4,54.44,0.99941,1.91
18.002,stand,1.0674,-0.0161,70.5,54.44,0.99940,1.91
18.052,stand,1.0702,-0.0158,69.6,54.44,0.99940,1.91
18.102,stand,1.0729,-0.0154,68.7,54.44,0.99940,1.91
18.152,stand,1.0754,-0.0151,67.8,54.45,0.99940,1.91
18.202,stand,1.0778,-0.0147,67.0,54.45,0.99940,1.91
18.252,stand,1.0801,-0.0144,66.2,54.45,0.99940,1.91
18.302,stand,1.0823,-0.0140,65.4,54.45,0.99939,1.91
18.352,stand,1.0843,-0.0136,64.6,54.45,0.99939,1.91
18.402,stand,1.0862,-0.0133,63.9,54.45,0.99939,1.91
18.452,stand,1.0880,-0.0129,63.2,54.46,0.99939,1.91
18.502,stand,1.0896,-0.0125,62.5,54.46,0.99939,1.91
18.552,stand,1.0911,-0.0121,61.8,54.46,0.99939,1.91
18.602,stand,1.0925,-0.0117,61.2,54.46,0.99938,1.91
18.652,stand,1.0937,-0.0114,60.6,54.46,0.99938,1.91
18.702,stand,1.0948,-0.0110,60.0,54.46,0.99938,1.91
18.752,stand,1.0958,-0.0106,59.5,54.46,0.99938,1.91
18.802,stand,1.0966,-0.0102,59.2,54.46,0.99938,1.91
18.852,stand,1.0973,-0.0098,58.9,54.46,0.99938,1.91
18.902,stand,1.0979,-0.0094,58.8,54.47,0.99938,1.91
18.952,stand,1.0983,-0.0090,58.6,54.47,0.99937,1.91
19.002,stand,1.0986,-0.0086,57.9,54.47,0.99937,1.91
19.052,stand,1.0988,-0.0083,56.2,54.47,0.99937,1.91
19.102,stand,1.0988,-0.0081,57.0,54.47,0.99937,1.91
19.152,stand,1.0988,-0.0080,56.0,54.47,0.99937,1.91
19.202,stand,1.0989,-0.0081,55.5,54.47,0.99937,1.91
19.252,stand,1.0989,-0.0082,55.3,54.47,0.99937,1.91
19.302,stand,1.0989,-0.0082,55.3,54.47,0.99937,1.91
19.352,stand,1.0989,-0.0083,55.4,54.47,0.99936,1.91
19.402,stand,1.0989,-0.0083,55.4,54.47,0.99936,1.91
19.452,stand,1.0989,-0.0083,55.5,54.47,0.99936,1.91
19.502,stand,1.0989,-0.0083,55.5,54.47,0.99936,1.91
19.552,stand,1.0989,-0.0083,55.5,54.47,0.99936,1.91
19.602,stand,1.0989,-0.0083,55.5,54.47,0.99936,1.91
19.652,stand,1.0989,-0.0083,55.5,54.47,0.99936,1.91
19.702,stand,1.0989,-0.0083,55.5,54.47,0.99935,1.91
19.752,stand,1.0989,-0.0083,55.5,54.47,0.99935,1.91
19.802,stand,1.0989,-0.0083,55.5,54.47,0.99935,1.91
19.852,stand,1.0989,-0.0083,55.5,54.47,0.99935,1.91
19.902,stand,1.0989,-0.0083,55.5,54.47,0.99935,1.91
19.952,stand,1.0989,-0.0083,55.5,54.47,0.99935,1.91
20.002,wave up,1.0989,-0.0083,55.5,54.47,0.99935,1.91
20.052,wave up,1.0989,-0.0083,60.7,54.46,0.99934,1.91
20.102,wave up,1.0989,-0.0081,67.3,54.45,0.99934,1.91
20.152,wave up,1.0990,-0.0079,69.7,54.44,0.99934,1.91
20.202,wave up,1.0990,-0.0075,66.3,54.45,0.99934,1.91
20.252,wave up,1.0991,-0.0071,68.6,54.44,0.99934,1.91
20.302,wave up,1.0991,-0.0066,71.2,54.44,0.99934,1.91
20.352,wave up,1.0992,-0.0060,66.2,54.45,0.99934,1.91
20.402,wave up,1.0992,-0.0054,66.1,54.45,0.99933,1.91
20.452,wave up,1.0992,-0.0049,66.9,54.45,0.99933,1.91
20.502,wave up,1.0993,-0.0043,68.0,54.44,0.99933,1.91
20.552,wave up,1.0993,-0.0037,69.1,54.44,0.99933,1.91
20.602,wave up,1.0993,-0.0032,70.2,54.44,0.99933,1.91
20.652,wave up,1.0993,-0.0028,71.0,54.44,0.99933,1.91
20.702,wave up,1.0993,-0.0023,71.6,54.44,0.99932,1.91
20.752,wave up,1.0993,-0.0020,72.2,54.44,0.99932,1.91
20.802,wave up,1.0993,-0.0016,72.7,54.43,0.99932,1.91
20.852,wave up,1.0993,-0.0013,73.0,54.43,0.99932,1.91
20.902,wave up,1.0993,-0.0011,73.3,54.43,0.99932,1.91
20.952,wave up,1.0993,-0.0009,73.4,54.43,0.99931,1.91
21.002,wave up,1.0993,-0.0008,73.4,54.43,0.99931,1.91
21.052,wave up,1.0993,-0.0007,73.4,54.43,0.99931,1.91
21.102,wave up,1.0993,-0.0007,73.2,54.43,0.99931,1.91
21.152,wave up,1.0993,-0.0007,72.9,54.43,0.99931,1.91
21.202,wave up,1.0993,-0.0008,72.5,54.43,0.99931,1.91
21.252,wave up,1.0993,-0.0010,72.0,54.44,0.99930,1.91
21.302,wave up,1.0992,-0.0011,71.4,54.44,0.99930,1.91
21.352,wave up,1.0992,-0.0014,70.8,54.44,0.99930,1.91
21.402,wave up,1.0992,-0.0016,70.0,54.44,0.99930,1.91
21.452,wave up,1.0992,-0.0020,69.2,54.44,0.99930,1.91
21.502,wave up,1.0991,-0.0023,67.2,54.45,0.99930,1.91
21.552,wave up,1.0991,-0.0028,57.0,54.47,0.99929,1.91
21.602,wave up,1.0992,-0.0034,55.0,54.47,0.99929,1.91
21.652,wave up,1.0992,-0.0039,54.5,54.47,0.99929,1.91
21.702,wave up,1.0992,-0.0042,55.1,54.47,0.99929,1.91
21.752,wave up,1.0992,-0.0042,56.1,54.47,0.99929,1.91
21.802,wave up,1.0992,-0.0042,56.8,54.47,0.99929,1.91
21.852,wave up,1.0992,-0.0040,57.2,54.47,0.99929,1.91
21.902,wave up,1.0992,-0.0039,57.4,54.47,0.99928,1.91
21.952,wave up,1.0992,-0.0038,57.4,54.47,0.99928,1.91
22.002,wave out,1.0992,-0.0038,57.4,54.47,0.99928,1.91
22.052,wave out,1.0992,-0.0037,60.0,54.46,0.99928,1.91
22.102,wave out,1.0992,-0.0037,61.8,54.46,0.99928,1.91
22.152,wave out,1.0992,-0.0036,62.4,54.46,0.99928,1.91
22.202,wave out,1.0992,-0.0036,62.4,54.46,0.99928,1.91
22.252,wave out,1.0992,-0.0036,62.2,54.46,0.99927,1.91
22.302,wave out,1.0991,-0.0037,62.0,54.46,0.99927,1.91
22.352,wave out,1.0991,-0.0037,61.8,54.46,0.99927,1.91
22.402,wave out,1.0991,-0.0038,61.6,54.46,0.99927,1.91
22.452,wave out,1.0991,-0.0038,61.5,54.46,0.99927,1.91
22.502,wave out,1.0991,-0.0039,61.4,54.46,0.99927,1.91
22.552,wave out,1.0991,-0.0040,61.2,54.46,0.99927,1.91
22.602,wave out,1.0991,-0.0041,60.7,54.46,0.99926,1.91
22.652,wave out,1.0991,-0.0042,57.6,54.47,0.99926,1.91
22.702,wave out,1.0991,-0.0043,56.2,54.47,0.99926,1.91
22.752,wave out,1.0991,-0.0045,55.8,54.47,0.99926,1.91
22.802,wave in,1.0991,-0.0046,55.9,54.47,0.99926,1.91
22.852,wave in,1.0991,-0.0046,55.8,54.47,0.99926,1.91
22.902,wave in,1.0991,-0.0047,55.5,54.47,0.99926,1.91
22.952,wave in,1.0992,-0.0047,55.6,54.47,0.99925,1.91
23.002,wave in,1.0992,-0.0046,56.0,54.47,0.99925,1.91
23.052,wave in,1.0992,-0.0045,56.4,54.47,0.99925,1.91
23.102,wave in,1.0992,-0.0044,56.8,54.47,0.99925,1.91
23.152,wave in,1.0992,-0.0042,57.0,54.47,0.99925,1.91
23.202,wave in,1.0992,-0.0041,57.0,54.47,0.99925,1.91
23.252,wave in,1.0992,-0.0040,57.1,54.47,0.99925,1.91
23.302,wave in,1.0992,-0.0039,57.1,54.47,0.99924,1.91
23.352,wave in,1.0992,-0.0038,57.0,54.47,0.99924,1.91
23.402,wave in,1.0992,-0.0038,57.1,54.47,0.99924,1.91
23.452,wave in,1.0992,-0.0037,57.5,54.47,0.99924,1.91
23.502,wave in,1.0992,-0.0037,57.9,54.46,0.99924,1.91
23.552,wave in,1.0992,-0.0036,57.9,54.46,0.99924,1.91
23.602,wave out,1.0992,-0.0036,57.7,54.46,0.99924,1.91
23.652,wave out,1.0992,-0.0036,60.0,54.46,0.99923,1.91
23.702,wave out,1.0992,-0.0036,61.7,54.46,0.99923,1.91
23.752,wave out,1.0992,-0.0036,62.3,54.45,0.99923,1.91
23.802,wave out,1.0992,-0.0036,62.3,54.45,0.99923,1.91
23.852,wave out,1.0991,-0.0036,62.1,54.46,0.99923,1.91
23.902,wave out,1.0991,-0.0037,61.9,54.46,0.99923,1.91
23.952,wave out,1.0991,-0.0037,61.7,54.46,0.99923,1.91
24.002,wave out,1.0991,-0.0038,61.6,54.46,0.99922,1.91
24.052,wave out,1.0991,-0.0038,61.5,54.46,0.99922,1.91
24.102,wave out,1.0991,-0.0039,61.4,54.46,0.99922,1.91
24.152,wave out,1.0991,-0.0040,61.2,54.46,0.99922,1.91
24.202,wave out,1.0991,-0.0041,60.7,54.46,0.99922,1.91
24.252,wave out,1.0991,-0.0042,57.6,54.46,0.99922,1.91
24.302,wave out,1.0991,-0.0043,56.2,54.47,0.99922,1.91
24.352,wave out,1.0991,-0.0045,55.8,54.47,0.99921,1.91
24.402,arm down,1.0991,-0.0046,55.9,54.47,0.99921,1.91
24.452,arm down,1.0992,-0.0047,56.4,54.47,0.99921,1.91
24.502,arm down,1.0992,-0.0049,55.0,54.47,0.99921,1.91
24.552,arm down,1.0993,-0.0050,53.9,54.47,0.99921,1.91
24.602,arm down,1.0993,-0.0048,55.0,54.47,0.99921,1.91
24.652,arm down,1.0993,-0.0043,56.8,54.47,0.99921,1.91
24.702,arm down,1.0993,-0.0036,58.4,54.46,0.99920,1.91
24.752,arm down,1.0993,-0.0029,59.5,54.46,0.99920,1.91
24.802,arm down,1.0993,-0.0023,60.1,54.46,0.99920,1.91
24.852,arm down,1.0993,-0.0017,60.4,54.46,0.99920,1.91
24.902,arm down,1.0993,-0.0013,60.4,54.46,0.99920,1.91
24.952,arm down,1.0993,-0.0009,60.4,54.46,0.99920,1.91
25.002,arm down,1.0993,-0.0007,60.4,54.46,0.99920,1.91
25.052,arm down,1.0993,-0.0005,60.4,54.46,0.99919,1.91
25.102,arm down,1.0993,-0.0003,60.4,54.46,0.99919,1.91
25.152,arm down,1.0993,-0.0003,60.4,54.46,0.99919,1.91
25.202,arm down,1.0993,-0.0003,60.3,54.46,0.99919,1.91
25.252,arm down,1.0993,-0.0003,60.2,54.46,0.99919,1.91
25.302,arm down,1.0993,-0.0004,60.1,54.46,0.99919,1.91
25.352,arm down,1.0993,-0.0006,59.9,54.46,0.99919,1.91
25.402,arm down,1.0992,-0.0009,59.6,54.46,0.99918,1.91
25.452,arm down,1.0992,-0.0012,59.4,54.46,0.99918,1.91
25.502,arm down,1.0992,-0.0015,59.0,54.46,0.99918,1.91
25.552,arm down,1.0991,-0.0019,58.7,54.46,0.99918,1.91
25.602,arm down,1.0991,-0.0024,58.3,54.46,0.99918,1.91
25.652,arm down,1.0991,-0.0029,58.0,54.46,0.99918,1.91
25.702,arm down,1.0990,-0.0034,68.2,54.44,0.99918,1.91
25.752,arm down,1.0990,-0.0038,66.2,54.45,0.99917,1.91
25.802,arm down,1.0989,-0.0045,61.2,54.46,0.99917,1.91
25.852,arm down,1.0989,-0.0052,64.1,54.45,0.99917,1.91
25.902,arm down,1.0988,-0.0058,62.3,54.45,0.99917,1.91
25.952,arm down,1.0988,-0.0064,56.4,54.47,0.99917,1.91
26.002,arm down,1.0988,-0.0069,56.1,54.47,0.99917,1.91
26.052,arm down,1.0988,-0.0073,55.6,54.47,0.99917,1.91
26.102,arm down,1.0988,-0.0076,55.2,54.47,0.99916,1.91
26.152,arm down,1.0988,-0.0079,55.1,54.47,0.99916,1.91
26.202,arm down,1.0989,-0.0080,55.1,54.47,0.99916,1.91
26.252,arm down,1.0989,-0.0081,55.2,54.47,0.99916,1.91
26.302,arm down,1.0989,-0.0082,55.4,54.47,0.99916,1.91
26.352,arm down,1.0989,-0.0082,55.4,54.47,0.99916,1.91
26.402,look left,1.0989,-0.0082,55.5,54.47,0.99916,1.91
26.452,look left,1.0989,-0.0082,56.1,54.47,0.99915,1.91
26.502,look left,1.0989,-0.0082,56.6,54.47,0.99915,1.91
26.552,look left,1.0989,-0.0082,56.8,54.46,0.99915,1.91
26.602,look left,1.0989,-0.0082,57.0,54.46,0.99915,1.91
26.652,look left,1.0989,-0.0083,57.0,54.46,0.99915,1.91
26.702,look left,1.0989,-0.0083,57.1,54.46,0.99915,1.91
26.752,look left,1.0989,-0.0083,57.1,54.46,0.99915,1.91
26.802,look left,1.0989,-0.0083,57.1,54.46,0.99914,1.91
26.852,look left,1.0989,-0.0083,57.1,54.46,0.99914,1.91
26.902,look left,1.0989,-0.0083,57.1,54.46,0.99914,1.91
26.952,look left,1.0989,-0.0083,57.1,54.46,0.99914,1.91
27.002,look left,1.0989,-0.0083,57.1,54.46,0.99914,1.91
27.052,look left,1.0989,-0.0083,57.1,54.46,0.99914,1.91
27.102,look left,1.0989,-0.0083,57.1,54.46,0.99914,1.91
27.152,look left,1.0989,-0.0083,57.1,54.46,0.99913,1.91
27.202,look left,1.0989,-0.0083,57.1,54.46,0.99913,1.91
27.252,look left,1.0989,-0.0083,57.1,54.46,0.99913,1.91
27.302,look left,1.0989,-0.0083,57.1,54.46,0.99913,1.91
27.352,look left,1.0989,-0.0083,57.1,54.46,0.99913,1.91
27.402,look left,1.0989,-0.0083,56.9,54.46,0.99913,1.91
27.452,look left,1.0989,-0.0083,55.7,54.47,0.99913,1.91
27.502,look left,1.0989,-0.0083,55.5,54.47,0.99913,1.91
27.552,look left,1.0989,-0.0083,55.5,54.47,0.99912,1.91
27.602,look left,1.0989,-0.0083,55.5,54.47,0.99912,1.91
27.652,look left,1.0989,-0.0083,55.5,54.47,0.99912,1.91
27.702,look left,1.0989,-0.0083,55.5,54.47,0.99912,1.91
27.752,look left,1.0989,-0.0083,55.5,54.47,0.99912,1.91
27.802,look left,1.0989,-0.0083,55.5,54.47,0.99912,1.91
27.852,look left,1.0989,-0.0083,55.5,54.47,0.99912,1.91
27.902,look right,1.0989,-0.0083,55.5,54.47,0.99911,1.91
27.952,look right,1.0989,-0.0083,56.5,54.46,0.99911,1.91
28.002,look right,1.0989,-0.0083,57.4,54.46,0.99911,1.91
28.052,look right,1.0989,-0.0083,57.8,54.46,0.99911,1.91
28.102,look right,1.0989,-0.0083,58.1,54.46,0.99911,1.91
28.152,look right,1.0989,-0.0083,58.2,54.46,0.99911,1.91
28.202,look right,1.0989,-0.0083,58.2,54.46,0.99911,1.91
28.252,look right,1.0989,-0.0083,58.3,54.46,0.99910,1.91
28.302,look right,1.0989,-0.0083,58.3,54.46,0.99910,1.91
28.352,look right,1.0989,-0.0083,58.3,54.46,0.99910,1.91
28.402,look right,1.0989,-0.0083,58.3,54.46,0.99910,1.91
28.452,look right,1.0989,-0.0083,58.3,54.46,0.99910,1.91
28.502,look right,1.0989,-0.0083,58.3,54.46,0.99910,1.91
28.552,look right,1.0989,-0.0083,58.3,54.46,0.99910,1.91
28.602,look right,1.0989,-0.0083,58.3,54.46,0.99909,1.91
28.652,look right,1.0989,-0.0083,58.3,54.46,0.99909,1.91
28.702,look right,1.0989,-0.0083,58.3,54.46,0.99909,1.91
28.752,look right,1.0989,-0.0083,58.3,54.46,0.99909,1.91
28.802,look right,1.0989,-0.0083,58.3,54.46,0.99909,1.91
28.852,look right,1.0989,-0.0083,58.3,54.46,0.99909,1.91
28.902,look right,1.0989,-0.0083,58.3,54.46,0.99909,1.91
28.952,look right,1.0989,-0.0083,58.3,54.46,0.99908,1.91
29.002,look right,1.0989,-0.0083,58.3,54.46,0.99908,1.91
29.052,look right,1.0989,-0.0083,58.3,54.46,0.99908,1.91
29.102,look right,1.0989,-0.0083,58.3,54.46,0.99908,1.91
29.152,look right,1.0989,-0.0083,58.3,54.46,0.99908,1.91
29.202,look right,1.0989,-0.0083,58.3,54.46,0.99908,1.91
29.252,look right,1.0989,-0.0083,58.3,54.46,0.99908,1.91
29.302,look right,1.0989,-0.0083,58.3,54.46,0.99908,1.91
29.352,look right,1.0989,-0.0083,58.3,54.46,0.99907,1.91
29.402,look right,1.0989,-0.0083,57.9,54.46,0.99907,1.91
29.452,look right,1.0989,-0.0083,55.9,54.47,0.99907,1.91
29.502,look right,1.0989,-0.0083,55.6,54.47,0.99907,1.91
29.552,look right,1.0989,-0.0083,55.5,54.47,0.99907,1.91
29.602,look right,1.0989,-0.0083,55.5,54.47,0.99907,1.91
29.652,look right,1.0989,-0.0083,55.5,54.47,0.99907,1.91
29.702,look right,1.0989,-0.0083,55.5,54.47,0.99906,1.91
29.752,look right,1.0989,-0.0083,55.5,54.47,0.99906,1.91
29.802,look right,1.0989,-0.0083,55.5,54.47,0.99906,1.91
29.852,look right,1.0989,-0.0083,55.5,54.47,0.99906,1.91
29.902,look ahead,1.0989,-0.0083,55.5,54.47,0.99906,1.91
29.952,look ahead,1.0989,-0.0083,56.0,54.46,0.99906,1.91
30.002,look ahead,1.0989,-0.0083,56.5,54.46,0.99906,1.91
30.052,look ahead,1.0989,-0.0083,56.8,54.46,0.99905,1.91
30.102,look ahead,1.0989,-0.0083,56.9,54.46,0.99905,1.91
30.152,look ahead,1.0989,-0.0083,57.0,54.46,0.99905,1.91
30.202,look ahead,1.0989,-0.0083,57.0,54.46,0.99905,1.91
30.252,look ahead,1.0989,-0.0083,57.1,54.46,0.99905,1.91
30.302,look ahead,1.0989,-0.0083,57.1,54.46,0.99905,1.91
30.352,look ahead,1.0989,-0.0083,57.1,54.46,0.99905,1.91
30.402,look ahead,1.0989,-0.0083,57.1,54.46,0.99904,1.91
30.452,look ahead,1.0989,-0.0083,57.1,54.46,0.99904,1.91
30.502,look ahead,1.0989,-0.0083,57.1,54.46,0.99904,1.91
30.552,look ahead,1.0989,-0.0083,57.1,54.46,0.99904,1.91
30.602,look ahead,1.0989,-0.0083,57.1,54.46,0.99904,1.91
30.652,look ahead,1.0989,-0.0083,57.1,54.46,0.99904,1.91
30.702,look ahead,1.0989,-0.0083,57.1,54.46,0.99904,1.91
30.752,look ahead,1.0989,-0.0083,57.1,54.46,0.99904,1.91
30.802,look ahead,1.0989,-0.0083,57.1,54.46,0.99903,1.91
30.852,look ahead,1.0989,-0.0083,57.1,54.46,0.99903,1.91
30.902,look ahead,1.0989,-0.0083,56.9,54.46,0.99903,1.91
30.952,look ahead,1.0989,-0.0083,55.7,54.46,0.99903,1.91
31.002,look ahead,1.0989,-0.0083,55.5,54.47,0.99903,1.91
31.052,look ahead,1.0989,-0.0083,55.5,54.47,0.99903,1.91
31.102,look ahead,1.0989,-0.0083,55.5,54.47,0.99903,1.91
31.152,look ahead,1.0989,-0.0083,55.5,54.47,0.99902,1.91
31.202,look ahead,1.0989,-0.0083,55.5,54.47,0.99902,1.91
31.252,look ahead,1.0989,-0.0083,55.5,54.47,0.99902,1.91
31.302,look ahead,1.0989,-0.0083,55.5,54.47,0.99902,1.91
31.352,look ahead,1.0989,-0.0083,55.5,54.46,0.99902,1.91
31.402,look ahead,1.0989,-0.0083,55.5,54.46,0.99902,1.91
31.452,look ahead,1.0989,-0.0083,55.5,54.46,0.99902,1.91
31.502,look ahead,1.0989,-0.0083,55.5,54.46,0.99901,1.91
31.552,look ahead,1.0989,-0.0083,55.5,54.46,0.99901,1.91
31.602,look ahead,1.0989,-0.0083,55.5,54.46,0.99901,1.91
31.652,look ahead,1.0989,-0.0083,55.5,54.46,0.99901,1.91
31.702,look ahead,1.0989,-0.0083,55.5,54.46,0.99901,1.91
31.752,look ahead,1.0989,-0.0083,55.5,54.46,0.99901,1.91
31.802,look ahead,1.0989,-0.0083,55.5,54.46,0.99901,1.91
31.852,look ahead,1.0989,-0.0083,55.5,54.46,0.99901,1.91
